country_code,year_pred
AFG,2006
AFG,2007
AFG,2008
AFG,2009
AFG,2010
AFG,2011
AFG,2012
AFG,2013
AFG,2014
AFG,2015
AFG,2016
AFG,2017
AFG,2018
AFG,2019
AFG,2020
AFG,2021
AFG,2022
AFG,2023
AGO,2003
AGO,2004
AGO,2005
AGO,2006
AGO,2007
AGO,2008
AGO,2009
AGO,2010
AGO,2011
AGO,2012
AGO,2013
AGO,2014
AGO,2015
AGO,2016
AGO,2017
AGO,2018
AGO,2019
AGO,2020
AGO,2021
AGO,2022
AGO,2023
ALB,2001
ALB,2002
ALB,2003
ALB,2004
ALB,2005
ALB,2006
ALB,2007
ALB,2008
ALB,2009
ALB,2010
ALB,2011
ALB,2012
ALB,2013
ALB,2014
ALB,2015
ALB,2016
ALB,2017
ALB,2018
ALB,2019
ALB,2020
ALB,2021
ALB,2022
ALB,2023
ARG,2001
ARG,2002
ARG,2003
ARG,2004
ARG,2005
ARG,2006
ARG,2007
ARG,2008
ARG,2009
ARG,2010
ARG,2011
ARG,2012
ARG,2013
ARG,2014
ARG,2015
ARG,2016
ARG,2017
ARG,2018
ARG,2019
ARG,2020
ARG,2021
ARG,2022
ARG,2023
ARM,2001
ARM,2002
ARM,2003
ARM,2004
ARM,2005
ARM,2006
ARM,2007
ARM,2008
ARM,2009
ARM,2010
ARM,2011
ARM,2012
ARM,2013
ARM,2014
ARM,2015
ARM,2016
ARM,2017
ARM,2018
ARM,2019
ARM,2020
ARM,2021
ARM,2022
ARM,2023
AZE,2001
AZE,2002
AZE,2003
AZE,2004
AZE,2005
AZE,2006
AZE,2007
AZE,2008
AZE,2009
AZE,2010
AZE,2011
AZE,2012
AZE,2013
AZE,2014
AZE,2015
AZE,2016
AZE,2017
AZE,2018
AZE,2019
AZE,2020
AZE,2021
AZE,2022
AZE,2023
BDI,2004
BDI,2005
BDI,2006
BDI,2007
BDI,2008
BDI,2009
BDI,2010
BDI,2011
BDI,2012
BDI,2013
BDI,2014
BDI,2015
BDI,2016
BDI,2017
BDI,2018
BDI,2019
BDI,2020
BDI,2021
BDI,2022
BDI,2023
BEN,2001
BEN,2002
BEN,2003
BEN,2004
BEN,2005
BEN,2006
BEN,2007
BEN,2008
BEN,2009
BEN,2010
BEN,2011
BEN,2012
BEN,2013
BEN,2014
BEN,2015
BEN,2016
BEN,2017
BEN,2018
BEN,2019
BEN,2020
BEN,2021
BEN,2022
BEN,2023
BFA,2001
BFA,2002
BFA,2003
BFA,2004
BFA,2005
BFA,2006
BFA,2007
BFA,2008
BFA,2009
BFA,2010
BFA,2011
BFA,2012
BFA,2013
BFA,2014
BFA,2015
BFA,2016
BFA,2017
BFA,2018
BFA,2019
BFA,2020
BFA,2021
BFA,2022
BFA,2023
BGD,2001
BGD,2002
BGD,2003
BGD,2004
BGD,2005
BGD,2006
BGD,2007
BGD,2008
BGD,2009
BGD,2010
BGD,2011
BGD,2012
BGD,2013
BGD,2014
BGD,2015
BGD,2016
BGD,2017
BGD,2018
BGD,2019
BGD,2020
BGD,2021
BGD,2022
BGD,2023
BIH,2001
BIH,2002
BIH,2003
BIH,2004
BIH,2005
BIH,2006
BIH,2007
BIH,2008
BIH,2009
BIH,2010
BIH,2011
BIH,2012
BIH,2013
BIH,2014
BIH,2015
BIH,2016
BIH,2017
BIH,2018
BIH,2019
BIH,2020
BIH,2021
BIH,2022
BIH,2023
BLR,2001
BLR,2002
BLR,2003
BLR,2004
BLR,2005
BLR,2006
BLR,2007
BLR,2008
BLR,2009
BLR,2010
BLR,2011
BLR,2012
BLR,2013
BLR,2014
BLR,2015
BLR,2016
BLR,2017
BLR,2018
BLR,2019
BLR,2020
BLR,2021
BLR,2022
BLR,2023
BLZ,2001
BLZ,2002
BLZ,2003
BLZ,2004
BLZ,2005
BLZ,2006
BLZ,2007
BLZ,2008
BLZ,2009
BLZ,2010
BLZ,2011
BLZ,2012
BLZ,2013
BLZ,2014
BLZ,2015
BLZ,2016
BLZ,2017
BLZ,2018
BLZ,2019
BLZ,2020
BLZ,2021
BLZ,2022
BLZ,2023
BOL,2001
BOL,2002
BOL,2003
BOL,2004
BOL,2005
BOL,2006
BOL,2007
BOL,2008
BOL,2009
BOL,2010
BOL,2011
BOL,2012
BOL,2013
BOL,2014
BOL,2015
BOL,2016
BOL,2017
BOL,2018
BOL,2019
BOL,2020
BOL,2021
BOL,2022
BOL,2023
BRA,2001
BRA,2002
BRA,2003
BRA,2004
BRA,2005
BRA,2006
BRA,2007
BRA,2008
BRA,2009
BRA,2010
BRA,2011
BRA,2012
BRA,2013
BRA,2014
BRA,2015
BRA,2016
BRA,2017
BRA,2018
BRA,2019
BRA,2020
BRA,2021
BRA,2022
BRA,2023
BTN,2001
BTN,2002
BTN,2003
BTN,2004
BTN,2005
BTN,2006
BTN,2007
BTN,2008
BTN,2009
BTN,2010
BTN,2011
BTN,2012
BTN,2013
BTN,2014
BTN,2015
BTN,2016
BTN,2017
BTN,2018
BTN,2019
BTN,2020
BTN,2021
BTN,2022
BTN,2023
BWA,2001
BWA,2002
BWA,2003
BWA,2004
BWA,2005
BWA,2006
BWA,2007
BWA,2008
BWA,2009
BWA,2010
BWA,2011
BWA,2012
BWA,2013
BWA,2014
BWA,2015
BWA,2016
BWA,2017
BWA,2018
BWA,2019
BWA,2020
BWA,2021
BWA,2022
BWA,2023
CAF,2001
CAF,2002
CAF,2003
CAF,2004
CAF,2005
CAF,2006
CAF,2007
CAF,2008
CAF,2009
CAF,2010
CAF,2011
CAF,2012
CAF,2013
CAF,2014
CAF,2015
CAF,2016
CAF,2017
CAF,2018
CAF,2019
CAF,2020
CAF,2021
CAF,2022
CAF,2023
CHN,2001
CHN,2002
CHN,2003
CHN,2004
CHN,2005
CHN,2006
CHN,2007
CHN,2008
CHN,2009
CHN,2010
CHN,2011
CHN,2012
CHN,2013
CHN,2014
CHN,2015
CHN,2016
CHN,2017
CHN,2018
CHN,2019
CHN,2020
CHN,2021
CHN,2022
CHN,2023
CIV,2001
CIV,2002
CIV,2003
CIV,2004
CIV,2005
CIV,2006
CIV,2007
CIV,2008
CIV,2009
CIV,2010
CIV,2011
CIV,2012
CIV,2013
CIV,2014
CIV,2015
CIV,2016
CIV,2017
CIV,2018
CIV,2019
CIV,2020
CIV,2021
CIV,2022
CIV,2023
CMR,2001
CMR,2002
CMR,2003
CMR,2004
CMR,2005
CMR,2006
CMR,2007
CMR,2008
CMR,2009
CMR,2010
CMR,2011
CMR,2012
CMR,2013
CMR,2014
CMR,2015
CMR,2016
CMR,2017
CMR,2018
CMR,2019
CMR,2020
CMR,2021
CMR,2022
CMR,2023
COD,2001
COD,2002
COD,2003
COD,2004
COD,2005
COD,2006
COD,2007
COD,2008
COD,2009
COD,2010
COD,2011
COD,2012
COD,2013
COD,2014
COD,2015
COD,2016
COD,2017
COD,2018
COD,2019
COD,2020
COD,2021
COD,2022
COD,2023
COG,2001
COG,2002
COG,2003
COG,2004
COG,2005
COG,2006
COG,2007
COG,2008
COG,2009
COG,2010
COG,2011
COG,2012
COG,2013
COG,2014
COG,2015
COG,2016
COG,2017
COG,2018
COG,2019
COG,2020
COG,2021
COG,2022
COG,2023
COL,2001
COL,2002
COL,2003
COL,2004
COL,2005
COL,2006
COL,2007
COL,2008
COL,2009
COL,2010
COL,2011
COL,2012
COL,2013
COL,2014
COL,2015
COL,2016
COL,2017
COL,2018
COL,2019
COL,2020
COL,2021
COL,2022
COL,2023
COM,2001
COM,2002
COM,2003
COM,2004
COM,2005
COM,2006
COM,2007
COM,2008
COM,2009
COM,2010
COM,2011
COM,2012
COM,2013
COM,2014
COM,2015
COM,2016
COM,2017
COM,2018
COM,2019
COM,2020
COM,2021
COM,2022
COM,2023
CPV,2001
CPV,2002
CPV,2003
CPV,2004
CPV,2005
CPV,2006
CPV,2007
CPV,2008
CPV,2009
CPV,2010
CPV,2011
CPV,2012
CPV,2013
CPV,2014
CPV,2015
CPV,2016
CPV,2017
CPV,2018
CPV,2019
CPV,2020
CPV,2021
CPV,2022
CPV,2023
CUB,2001
CUB,2002
CUB,2003
CUB,2004
CUB,2005
CUB,2006
CUB,2007
CUB,2008
CUB,2009
CUB,2010
CUB,2011
CUB,2012
CUB,2013
CUB,2014
CUB,2015
CUB,2016
CUB,2017
CUB,2018
CUB,2019
CUB,2020
CUB,2021
CUB,2022
CUB,2023
DJI,2018
DJI,2019
DJI,2020
DJI,2021
DJI,2022
DJI,2023
DMA,2004
DMA,2005
DMA,2006
DMA,2007
DMA,2008
DMA,2009
DMA,2010
DMA,2011
DMA,2012
DMA,2014
DMA,2015
DMA,2019
DMA,2020
DMA,2021
DMA,2022
DMA,2023
DOM,2001
DOM,2002
DOM,2003
DOM,2004
DOM,2005
DOM,2006
DOM,2007
DOM,2008
DOM,2009
DOM,2010
DOM,2011
DOM,2012
DOM,2013
DOM,2014
DOM,2015
DOM,2016
DOM,2017
DOM,2018
DOM,2019
DOM,2020
DOM,2021
DOM,2022
DOM,2023
DZA,2001
DZA,2002
DZA,2003
DZA,2004
DZA,2005
DZA,2006
DZA,2007
DZA,2008
DZA,2009
DZA,2010
DZA,2011
DZA,2012
DZA,2013
DZA,2014
DZA,2015
DZA,2016
DZA,2017
DZA,2018
DZA,2019
DZA,2020
DZA,2021
DZA,2022
DZA,2023
ECU,2001
ECU,2002
ECU,2003
ECU,2004
ECU,2005
ECU,2006
ECU,2007
ECU,2008
ECU,2009
ECU,2010
ECU,2011
ECU,2012
ECU,2013
ECU,2014
ECU,2015
ECU,2016
ECU,2017
ECU,2018
ECU,2019
ECU,2020
ECU,2021
ECU,2022
ECU,2023
EGY,2001
EGY,2002
EGY,2003
EGY,2004
EGY,2005
EGY,2006
EGY,2007
EGY,2008
EGY,2009
EGY,2010
EGY,2011
EGY,2012
EGY,2013
EGY,2014
EGY,2015
EGY,2016
EGY,2017
EGY,2018
EGY,2019
EGY,2020
EGY,2021
EGY,2022
EGY,2023
ERI,2001
ERI,2002
ERI,2003
ERI,2004
ERI,2005
ERI,2006
ERI,2007
ERI,2008
ERI,2009
ERI,2010
ERI,2011
ETH,2001
ETH,2002
ETH,2003
ETH,2004
ETH,2005
ETH,2006
ETH,2007
ETH,2008
ETH,2009
ETH,2010
ETH,2011
ETH,2012
ETH,2013
ETH,2014
ETH,2015
ETH,2016
ETH,2017
ETH,2018
ETH,2019
ETH,2020
ETH,2021
ETH,2022
ETH,2023
FJI,2001
FJI,2002
FJI,2003
FJI,2004
FJI,2005
FJI,2006
FJI,2007
FJI,2008
FJI,2009
FJI,2010
FJI,2011
FJI,2012
FJI,2013
FJI,2014
FJI,2015
FJI,2016
FJI,2017
FJI,2018
FJI,2019
FJI,2020
FJI,2021
FJI,2022
FJI,2023
GAB,2001
GAB,2002
GAB,2003
GAB,2004
GAB,2005
GAB,2006
GAB,2007
GAB,2008
GAB,2009
GAB,2010
GAB,2011
GAB,2012
GAB,2013
GAB,2014
GAB,2015
GAB,2016
GAB,2017
GAB,2018
GAB,2019
GAB,2020
GAB,2021
GAB,2022
GAB,2023
GEO,2001
GEO,2002
GEO,2003
GEO,2004
GEO,2005
GEO,2006
GEO,2007
GEO,2008
GEO,2009
GEO,2010
GEO,2011
GEO,2012
GEO,2013
GEO,2014
GEO,2015
GEO,2016
GEO,2017
GEO,2018
GEO,2019
GEO,2020
GEO,2021
GEO,2022
GEO,2023
GHA,2001
GHA,2002
GHA,2003
GHA,2004
GHA,2005
GHA,2006
GHA,2007
GHA,2008
GHA,2009
GHA,2010
GHA,2011
GHA,2012
GHA,2013
GHA,2014
GHA,2015
GHA,2016
GHA,2017
GHA,2018
GHA,2019
GHA,2020
GHA,2021
GHA,2022
GHA,2023
GIN,2001
GIN,2002
GIN,2003
GIN,2004
GIN,2005
GIN,2006
GIN,2007
GIN,2008
GIN,2009
GIN,2010
GIN,2011
GIN,2012
GIN,2013
GIN,2014
GIN,2015
GIN,2016
GIN,2017
GIN,2018
GIN,2019
GIN,2020
GIN,2021
GIN,2022
GIN,2023
GMB,2001
GMB,2002
GMB,2003
GMB,2004
GMB,2005
GMB,2006
GMB,2007
GMB,2008
GMB,2009
GMB,2010
GMB,2011
GMB,2012
GMB,2013
GMB,2014
GMB,2015
GMB,2016
GMB,2017
GMB,2018
GMB,2019
GMB,2020
GMB,2021
GMB,2022
GMB,2023
GNB,2001
GNB,2002
GNB,2003
GNB,2004
GNB,2005
GNB,2006
GNB,2007
GNB,2008
GNB,2009
GNB,2010
GNB,2011
GNB,2012
GNB,2013
GNB,2014
GNB,2015
GNB,2016
GNB,2017
GNB,2018
GNB,2019
GNB,2020
GNB,2021
GNB,2022
GNB,2023
GNQ,2006
GNQ,2007
GNQ,2008
GNQ,2009
GNQ,2010
GNQ,2011
GNQ,2012
GNQ,2013
GNQ,2014
GNQ,2015
GNQ,2016
GNQ,2017
GNQ,2018
GNQ,2019
GNQ,2020
GNQ,2021
GNQ,2022
GNQ,2023
GRD,2008
GRD,2009
GRD,2010
GRD,2011
GRD,2013
GRD,2014
GRD,2015
GRD,2016
GRD,2017
GRD,2018
GRD,2020
GRD,2021
GTM,2001
GTM,2002
GTM,2003
GTM,2004
GTM,2005
GTM,2006
GTM,2007
GTM,2008
GTM,2009
GTM,2010
GTM,2011
GTM,2012
GTM,2013
GTM,2014
GTM,2015
GTM,2016
GTM,2017
GTM,2018
GTM,2019
GTM,2020
GTM,2021
GTM,2022
GTM,2023
HND,2001
HND,2002
HND,2003
HND,2004
HND,2005
HND,2006
HND,2007
HND,2008
HND,2009
HND,2010
HND,2011
HND,2012
HND,2013
HND,2014
HND,2015
HND,2016
HND,2017
HND,2018
HND,2019
HND,2020
HND,2021
HND,2022
HND,2023
HTI,2001
HTI,2002
HTI,2003
HTI,2004
HTI,2005
HTI,2006
HTI,2007
HTI,2008
HTI,2009
HTI,2010
HTI,2011
HTI,2012
HTI,2013
HTI,2014
HTI,2015
HTI,2016
HTI,2017
HTI,2018
HTI,2019
HTI,2020
HTI,2021
HTI,2022
HTI,2023
IDN,2001
IDN,2002
IDN,2003
IDN,2004
IDN,2005
IDN,2006
IDN,2007
IDN,2008
IDN,2009
IDN,2010
IDN,2011
IDN,2012
IDN,2013
IDN,2014
IDN,2015
IDN,2016
IDN,2017
IDN,2018
IDN,2019
IDN,2020
IDN,2021
IDN,2022
IDN,2023
IND,2001
IND,2002
IND,2003
IND,2004
IND,2005
IND,2006
IND,2007
IND,2008
IND,2009
IND,2010
IND,2011
IND,2012
IND,2013
IND,2014
IND,2015
IND,2016
IND,2017
IND,2018
IND,2019
IND,2020
IND,2021
IND,2022
IND,2023
IRN,2001
IRN,2002
IRN,2003
IRN,2004
IRN,2005
IRN,2006
IRN,2007
IRN,2008
IRN,2009
IRN,2010
IRN,2011
IRN,2012
IRN,2013
IRN,2014
IRN,2015
IRN,2016
IRN,2017
IRN,2018
IRN,2019
IRN,2020
IRN,2021
IRN,2022
IRN,2023
IRQ,2001
IRQ,2002
IRQ,2003
IRQ,2004
IRQ,2005
IRQ,2006
IRQ,2007
IRQ,2008
IRQ,2009
IRQ,2010
IRQ,2011
IRQ,2012
IRQ,2013
IRQ,2014
IRQ,2015
IRQ,2016
IRQ,2017
IRQ,2018
IRQ,2019
IRQ,2020
IRQ,2021
IRQ,2022
IRQ,2023
JAM,2001
JAM,2002
JAM,2003
JAM,2004
JAM,2005
JAM,2006
JAM,2007
JAM,2008
JAM,2009
JAM,2010
JAM,2011
JAM,2012
JAM,2013
JAM,2014
JAM,2015
JAM,2016
JAM,2017
JAM,2018
JAM,2019
JAM,2020
JAM,2021
JAM,2022
JAM,2023
JOR,2001
JOR,2002
JOR,2003
JOR,2004
JOR,2005
JOR,2006
JOR,2007
JOR,2008
JOR,2009
JOR,2010
JOR,2011
JOR,2012
JOR,2013
JOR,2014
JOR,2015
JOR,2016
JOR,2017
JOR,2018
JOR,2019
JOR,2020
JOR,2021
JOR,2022
JOR,2023
KAZ,2001
KAZ,2002
KAZ,2003
KAZ,2004
KAZ,2005
KAZ,2006
KAZ,2007
KAZ,2008
KAZ,2009
KAZ,2010
KAZ,2011
KAZ,2012
KAZ,2013
KAZ,2014
KAZ,2015
KAZ,2016
KAZ,2017
KAZ,2018
KAZ,2019
KAZ,2020
KAZ,2021
KAZ,2022
KAZ,2023
KEN,2001
KEN,2002
KEN,2003
KEN,2004
KEN,2005
KEN,2006
KEN,2007
KEN,2008
KEN,2009
KEN,2010
KEN,2011
KEN,2012
KEN,2013
KEN,2014
KEN,2015
KEN,2016
KEN,2017
KEN,2018
KEN,2019
KEN,2020
KEN,2021
KEN,2022
KEN,2023
KGZ,2001
KGZ,2002
KGZ,2003
KGZ,2004
KGZ,2005
KGZ,2006
KGZ,2007
KGZ,2008
KGZ,2009
KGZ,2010
KGZ,2011
KGZ,2012
KGZ,2013
KGZ,2014
KGZ,2015
KGZ,2016
KGZ,2017
KGZ,2018
KGZ,2019
KGZ,2020
KGZ,2021
KGZ,2022
KGZ,2023
KHM,2001
KHM,2002
KHM,2003
KHM,2004
KHM,2005
KHM,2006
KHM,2007
KHM,2008
KHM,2009
KHM,2010
KHM,2011
KHM,2012
KHM,2013
KHM,2014
KHM,2015
KHM,2016
KHM,2017
KHM,2018
KHM,2019
KHM,2020
KHM,2021
KHM,2022
KHM,2023
KIR,2001
KIR,2002
KIR,2003
KIR,2004
KIR,2005
KIR,2006
KIR,2007
KIR,2008
KIR,2009
KIR,2010
KIR,2011
KIR,2012
KIR,2013
KIR,2014
KIR,2015
KIR,2016
KIR,2017
KIR,2018
KIR,2019
KIR,2020
KIR,2021
KIR,2022
KIR,2023
LAO,2001
LAO,2002
LAO,2003
LAO,2004
LAO,2005
LAO,2006
LAO,2007
LAO,2008
LAO,2009
LAO,2010
LAO,2011
LAO,2012
LAO,2013
LAO,2014
LAO,2015
LAO,2016
LAO,2017
LAO,2018
LAO,2019
LAO,2020
LAO,2021
LAO,2022
LAO,2023
LBN,2001
LBN,2002
LBN,2003
LBN,2004
LBN,2005
LBN,2006
LBN,2007
LBN,2008
LBN,2009
LBN,2010
LBN,2011
LBN,2012
LBN,2013
LBN,2014
LBN,2015
LBN,2016
LBN,2017
LBN,2018
LBN,2019
LBN,2020
LBN,2021
LBN,2022
LBN,2023
LBR,2004
LBR,2005
LBR,2006
LBR,2007
LBR,2008
LBR,2009
LBR,2010
LBR,2011
LBR,2012
LBR,2013
LBR,2014
LBR,2015
LBR,2016
LBR,2017
LBR,2018
LBR,2019
LBR,2020
LBR,2021
LBR,2022
LBR,2023
LBY,2001
LBY,2002
LBY,2003
LBY,2004
LBY,2005
LBY,2006
LBY,2007
LBY,2008
LBY,2009
LBY,2010
LBY,2011
LBY,2012
LBY,2013
LBY,2014
LBY,2015
LBY,2016
LBY,2017
LBY,2018
LBY,2019
LBY,2020
LBY,2021
LBY,2022
LBY,2023
LCA,2003
LCA,2004
LCA,2005
LCA,2006
LCA,2007
LCA,2008
LCA,2009
LCA,2010
LCA,2011
LCA,2012
LCA,2013
LCA,2014
LCA,2015
LCA,2016
LCA,2017
LCA,2018
LCA,2019
LCA,2020
LCA,2021
LCA,2022
LCA,2023
LKA,2001
LKA,2002
LKA,2003
LKA,2004
LKA,2005
LKA,2006
LKA,2007
LKA,2008
LKA,2009
LKA,2010
LKA,2011
LKA,2012
LKA,2013
LKA,2014
LKA,2015
LKA,2016
LKA,2017
LKA,2018
LKA,2019
LKA,2020
LKA,2021
LKA,2022
LKA,2023
LSO,2001
LSO,2002
LSO,2003
LSO,2004
LSO,2005
LSO,2006
LSO,2007
LSO,2008
LSO,2009
LSO,2010
LSO,2011
LSO,2012
LSO,2013
LSO,2014
LSO,2015
LSO,2016
LSO,2017
LSO,2018
LSO,2019
LSO,2020
LSO,2021
LSO,2022
LSO,2023
MAR,2001
MAR,2002
MAR,2003
MAR,2004
MAR,2005
MAR,2006
MAR,2007
MAR,2008
MAR,2009
MAR,2010
MAR,2011
MAR,2012
MAR,2013
MAR,2014
MAR,2015
MAR,2016
MAR,2017
MAR,2018
MAR,2019
MAR,2020
MAR,2021
MAR,2022
MAR,2023
MDA,2001
MDA,2002
MDA,2003
MDA,2004
MDA,2005
MDA,2006
MDA,2007
MDA,2008
MDA,2009
MDA,2010
MDA,2011
MDA,2012
MDA,2013
MDA,2014
MDA,2015
MDA,2016
MDA,2017
MDA,2018
MDA,2019
MDA,2020
MDA,2021
MDA,2022
MDA,2023
MDG,2001
MDG,2002
MDG,2003
MDG,2004
MDG,2005
MDG,2006
MDG,2007
MDG,2008
MDG,2009
MDG,2010
MDG,2011
MDG,2012
MDG,2013
MDG,2014
MDG,2015
MDG,2016
MDG,2017
MDG,2018
MDG,2019
MDG,2020
MDG,2021
MDG,2022
MDG,2023
MDV,2001
MDV,2002
MDV,2003
MDV,2004
MDV,2005
MDV,2006
MDV,2007
MDV,2008
MDV,2009
MDV,2010
MDV,2011
MDV,2012
MDV,2013
MDV,2014
MDV,2015
MDV,2016
MDV,2017
MDV,2018
MDV,2019
MDV,2020
MDV,2021
MDV,2022
MDV,2023
MEX,2001
MEX,2002
MEX,2003
MEX,2004
MEX,2005
MEX,2006
MEX,2007
MEX,2008
MEX,2009
MEX,2010
MEX,2011
MEX,2012
MEX,2013
MEX,2014
MEX,2015
MEX,2016
MEX,2017
MEX,2018
MEX,2019
MEX,2020
MEX,2021
MEX,2022
MEX,2023
MHL,2004
MHL,2005
MHL,2006
MHL,2007
MHL,2008
MHL,2009
MHL,2010
MHL,2011
MHL,2012
MHL,2013
MHL,2014
MHL,2015
MHL,2016
MHL,2017
MHL,2018
MHL,2019
MHL,2020
MHL,2021
MHL,2022
MHL,2023
MKD,2001
MKD,2002
MKD,2003
MKD,2004
MKD,2005
MKD,2006
MKD,2007
MKD,2008
MKD,2009
MKD,2010
MKD,2011
MKD,2012
MKD,2013
MKD,2014
MKD,2015
MKD,2016
MKD,2017
MKD,2018
MKD,2019
MKD,2020
MKD,2021
MKD,2022
MKD,2023
MLI,2001
MLI,2002
MLI,2003
MLI,2004
MLI,2005
MLI,2006
MLI,2007
MLI,2008
MLI,2009
MLI,2010
MLI,2011
MLI,2012
MLI,2013
MLI,2014
MLI,2015
MLI,2016
MLI,2017
MLI,2018
MLI,2019
MLI,2020
MLI,2021
MLI,2022
MLI,2023
MMR,2004
MMR,2005
MMR,2006
MMR,2007
MMR,2008
MMR,2009
MMR,2010
MMR,2011
MMR,2012
MMR,2013
MMR,2014
MMR,2015
MMR,2016
MMR,2017
MMR,2018
MMR,2019
MMR,2020
MMR,2021
MMR,2022
MMR,2023
MNE,2005
MNE,2006
MNE,2007
MNE,2008
MNE,2009
MNE,2010
MNE,2011
MNE,2012
MNE,2013
MNE,2014
MNE,2015
MNE,2016
MNE,2017
MNE,2018
MNE,2019
MNE,2020
MNE,2021
MNE,2022
MNE,2023
MNG,2001
MNG,2002
MNG,2003
MNG,2004
MNG,2005
MNG,2006
MNG,2007
MNG,2008
MNG,2009
MNG,2010
MNG,2011
MNG,2012
MNG,2013
MNG,2014
MNG,2015
MNG,2016
MNG,2017
MNG,2018
MNG,2019
MNG,2020
MNG,2021
MNG,2022
MNG,2023
MOZ,2001
MOZ,2002
MOZ,2003
MOZ,2004
MOZ,2005
MOZ,2006
MOZ,2007
MOZ,2008
MOZ,2009
MOZ,2010
MOZ,2011
MOZ,2012
MOZ,2013
MOZ,2014
MOZ,2015
MOZ,2016
MOZ,2017
MOZ,2018
MOZ,2019
MOZ,2020
MOZ,2021
MOZ,2022
MOZ,2023
MRT,2001
MRT,2002
MRT,2003
MRT,2004
MRT,2005
MRT,2006
MRT,2007
MRT,2008
MRT,2009
MRT,2010
MRT,2011
MRT,2012
MRT,2013
MRT,2014
MRT,2015
MRT,2016
MRT,2017
MRT,2018
MRT,2019
MRT,2020
MRT,2021
MRT,2022
MRT,2023
MUS,2001
MUS,2002
MUS,2003
MUS,2004
MUS,2005
MUS,2006
MUS,2007
MUS,2008
MUS,2009
MUS,2010
MUS,2011
MUS,2012
MUS,2013
MUS,2014
MUS,2015
MUS,2016
MUS,2017
MUS,2018
MUS,2019
MUS,2020
MUS,2021
MUS,2022
MUS,2023
MWI,2001
MWI,2002
MWI,2003
MWI,2004
MWI,2005
MWI,2006
MWI,2007
MWI,2008
MWI,2009
MWI,2010
MWI,2011
MWI,2012
MWI,2013
MWI,2014
MWI,2015
MWI,2016
MWI,2017
MWI,2018
MWI,2019
MWI,2020
MWI,2021
MWI,2022
MWI,2023
MYS,2001
MYS,2002
MYS,2003
MYS,2004
MYS,2005
MYS,2006
MYS,2007
MYS,2008
MYS,2009
MYS,2010
MYS,2011
MYS,2012
MYS,2013
MYS,2014
MYS,2015
MYS,2016
MYS,2017
MYS,2018
MYS,2019
MYS,2020
MYS,2021
MYS,2022
MYS,2023
NAM,2001
NAM,2002
NAM,2003
NAM,2004
NAM,2005
NAM,2006
NAM,2007
NAM,2008
NAM,2009
NAM,2010
NAM,2011
NAM,2012
NAM,2013
NAM,2014
NAM,2015
NAM,2016
NAM,2017
NAM,2018
NAM,2019
NAM,2020
NAM,2021
NAM,2022
NAM,2023
NER,2001
NER,2002
NER,2003
NER,2004
NER,2005
NER,2006
NER,2007
NER,2008
NER,2009
NER,2010
NER,2011
NER,2012
NER,2013
NER,2014
NER,2015
NER,2016
NER,2017
NER,2018
NER,2019
NER,2020
NER,2021
NER,2022
NER,2023
NGA,2001
NGA,2002
NGA,2003
NGA,2004
NGA,2005
NGA,2006
NGA,2007
NGA,2008
NGA,2009
NGA,2010
NGA,2011
NGA,2012
NGA,2013
NGA,2014
NGA,2015
NGA,2016
NGA,2017
NGA,2018
NGA,2019
NGA,2020
NGA,2021
NGA,2022
NGA,2023
NIC,2001
NIC,2002
NIC,2003
NIC,2004
NIC,2005
NIC,2006
NIC,2007
NIC,2008
NIC,2009
NIC,2010
NIC,2011
NIC,2012
NIC,2013
NIC,2014
NIC,2015
NIC,2016
NIC,2017
NIC,2018
NIC,2019
NIC,2020
NIC,2021
NIC,2022
NIC,2023
NPL,2001
NPL,2002
NPL,2003
NPL,2004
NPL,2005
NPL,2006
NPL,2007
NPL,2008
NPL,2009
NPL,2010
NPL,2011
NPL,2012
NPL,2013
NPL,2014
NPL,2015
NPL,2016
NPL,2017
NPL,2018
NPL,2019
NPL,2020
NPL,2021
NPL,2022
NPL,2023
PAK,2001
PAK,2002
PAK,2003
PAK,2004
PAK,2005
PAK,2006
PAK,2007
PAK,2008
PAK,2009
PAK,2010
PAK,2011
PAK,2012
PAK,2013
PAK,2014
PAK,2015
PAK,2016
PAK,2017
PAK,2018
PAK,2019
PAK,2020
PAK,2021
PAK,2022
PAK,2023
PER,2001
PER,2002
PER,2003
PER,2004
PER,2005
PER,2006
PER,2007
PER,2008
PER,2009
PER,2010
PER,2011
PER,2012
PER,2013
PER,2014
PER,2015
PER,2016
PER,2017
PER,2018
PER,2019
PER,2020
PER,2021
PER,2022
PER,2023
PHL,2001
PHL,2002
PHL,2003
PHL,2004
PHL,2005
PHL,2006
PHL,2007
PHL,2008
PHL,2009
PHL,2010
PHL,2011
PHL,2012
PHL,2013
PHL,2014
PHL,2015
PHL,2016
PHL,2017
PHL,2018
PHL,2019
PHL,2020
PHL,2021
PHL,2022
PHL,2023
PNG,2001
PNG,2002
PNG,2003
PNG,2004
PNG,2006
PNG,2007
PNG,2008
PNG,2009
PNG,2010
PNG,2011
PNG,2012
PNG,2013
PNG,2014
PNG,2015
PNG,2016
PNG,2017
PNG,2018
PNG,2019
PNG,2020
PNG,2021
PNG,2022
PNG,2023
PRY,2001
PRY,2002
PRY,2003
PRY,2004
PRY,2005
PRY,2006
PRY,2007
PRY,2008
PRY,2009
PRY,2010
PRY,2011
PRY,2012
PRY,2013
PRY,2014
PRY,2015
PRY,2016
PRY,2017
PRY,2018
PRY,2019
PRY,2020
PRY,2021
PRY,2022
PRY,2023
PSE,2001
PSE,2002
PSE,2003
PSE,2004
PSE,2005
PSE,2006
PSE,2007
PSE,2008
PSE,2009
PSE,2010
PSE,2011
PSE,2012
PSE,2013
PSE,2014
PSE,2015
PSE,2016
PSE,2017
PSE,2018
PSE,2019
PSE,2020
PSE,2021
PSE,2022
PSE,2023
RWA,2001
RWA,2002
RWA,2003
RWA,2004
RWA,2005
RWA,2006
RWA,2007
RWA,2008
RWA,2009
RWA,2010
RWA,2011
RWA,2012
RWA,2013
RWA,2014
RWA,2015
RWA,2016
RWA,2017
RWA,2018
RWA,2019
RWA,2020
RWA,2021
RWA,2022
RWA,2023
SDN,2001
SDN,2002
SDN,2003
SDN,2004
SDN,2005
SDN,2006
SDN,2007
SDN,2008
SDN,2009
SDN,2010
SDN,2011
SDN,2012
SDN,2013
SDN,2014
SDN,2015
SDN,2016
SDN,2017
SDN,2018
SDN,2019
SDN,2020
SDN,2021
SDN,2022
SDN,2023
SEN,2001
SEN,2002
SEN,2003
SEN,2004
SEN,2005
SEN,2006
SEN,2007
SEN,2008
SEN,2009
SEN,2010
SEN,2011
SEN,2012
SEN,2013
SEN,2014
SEN,2015
SEN,2016
SEN,2017
SEN,2018
SEN,2019
SEN,2020
SEN,2021
SEN,2022
SEN,2023
SLB,2001
SLB,2002
SLB,2003
SLB,2004
SLB,2005
SLB,2006
SLB,2007
SLB,2008
SLB,2009
SLB,2010
SLB,2011
SLB,2012
SLB,2013
SLB,2014
SLB,2015
SLB,2016
SLB,2017
SLB,2018
SLB,2019
SLB,2020
SLB,2021
SLB,2022
SLB,2023
SLE,2001
SLE,2002
SLE,2003
SLE,2004
SLE,2005
SLE,2006
SLE,2007
SLE,2008
SLE,2009
SLE,2010
SLE,2011
SLE,2012
SLE,2013
SLE,2014
SLE,2015
SLE,2016
SLE,2017
SLE,2018
SLE,2019
SLE,2020
SLE,2021
SLE,2022
SLE,2023
SLV,2001
SLV,2002
SLV,2003
SLV,2004
SLV,2005
SLV,2006
SLV,2007
SLV,2008
SLV,2009
SLV,2010
SLV,2011
SLV,2012
SLV,2013
SLV,2014
SLV,2015
SLV,2016
SLV,2017
SLV,2018
SLV,2019
SLV,2020
SLV,2021
SLV,2022
SLV,2023
SOM,2016
SOM,2017
SOM,2018
SOM,2019
SOM,2020
SOM,2021
SOM,2022
SOM,2023
SRB,2001
SRB,2002
SRB,2003
SRB,2004
SRB,2005
SRB,2006
SRB,2007
SRB,2008
SRB,2009
SRB,2010
SRB,2011
SRB,2012
SRB,2013
SRB,2014
SRB,2015
SRB,2016
SRB,2017
SRB,2018
SRB,2019
SRB,2020
SRB,2021
SRB,2022
SRB,2023
STP,2009
STP,2010
STP,2011
STP,2012
STP,2013
STP,2014
STP,2015
STP,2016
STP,2017
STP,2018
STP,2019
STP,2020
STP,2021
STP,2022
STP,2023
SUR,2001
SUR,2002
SUR,2003
SUR,2004
SUR,2005
SUR,2006
SUR,2007
